<?xml version="1.0" encoding="UTF-8"?>

<!DOCTYPE mapper
  PUBLIC "-//mybatis.org//DTD Mapper 3.0//EN"
  "http://mybatis.org/dtd/mybatis-3-mapper.dtd">

<mapper namespace="AdminGongji"> <!-- 관리자 공지 -->

	<!-- 검색 전후 레코드 개수 -->
	<select id="ag_count" parameterType="gongji" resultType="int">
		select count(gongji_no) from gongji
		<where>
			<if test="find_field == ''">
				<!-- 검색조건이 없어서 총레코드 개수 -->
			</if>
			<if test="find_field == 'gongji_title'">
				<!-- 검색 조건이 제목인 경우 -->
				gongji_title like #{find_name} <!-- like는 오라클 검색 연산자 -->
			</if>
			<if test="find_field == 'gongji_cont'"><!-- 검색 조건이 공지 내용인 경우 -->
				gongji_cont like #{find_name}
			</if>
		</where>
	</select>

	<!-- 검색전후 공지목록 -->
	<select id="ag_list" resultType="gongji">
		select * from
		(select rowNum
		rNum,gongji_no,gongji_name,gongji_title,gongji_hit,gongji_date
		from
		(select * from gongji
		<where>
			<if test="find_field == ''"> <!-- 검색조건이 없어서 총레코드 개수 -->
			</if>
			<if test="find_field == 'gongji_title'"><!-- 검색 조건이 제목인 경우 -->
				gongji_title like #{find_name} <!-- like는 오라클 검색 연산자 -->
			</if>
			<if test="find_field == 'gongji_cont'"> <!-- 관리자 공지 내용인 경우 -->
				gongji_cont like #{find_name}
			</if>
		</where>
		order by gongji_no desc))
		where rNum &gt;= #{startrow} and rNum &lt;=
		#{endrow}
		<!-- &gt;은 ~보다 크다(>), &lt;은 ~보다 작다(<) -->
	</select>

	<!-- 관리자 공지 저장 -->
	<insert id="ag_insert">
		insert into gongji
		(gongji_no,gongji_name,gongji_title,
		gongji_pwd,gongji_cont,gongji_hit,gongji_date)
		values(gongji_no_seq.nextval,#{gongji_name},#{gongji_title},#{gongji_pwd},#{gongji_cont},0,sysdate)
	</insert>

	<!-- 관리자 공지 내용+수정폼 -->
	<select id="ag_cont" resultType="gongji">
		select * from gongji where gongji_no=#{no}
	</select>

	<!-- 관리자 공지 수정 -->
	<update id="ag_edit">
		update gongji set gongji_name=#{gongji_name},
		gongji_title=#{gongji_title},gongji_cont=#{gongji_cont}
		where gongji_no=#{gongji_no}
	</update>

	<!-- 관리자 공지삭제 -->
	<delete id="ag_del">
		delete from gongji where gongji_no=#{no}
	</delete>
</mapper>
  
  
  
  
  
  
  
  
  
  
  